Tool Name,Category,One-Sentence Description
Apache Airflow,Workflow Orchestration,Open-source Python-based DAG orchestrator for complex data pipelines with distributed execution and web UI monitoring.
Prefect,Workflow Orchestration,Modern Python workflow engine emphasizing function-based definitions over DAGs with cloud-native infrastructure.
Dagster,Workflow Orchestration,Asset-centric data orchestrator with built-in type systems, data quality, and observability for reliable pipelines.
Temporal,Workflow Orchestration,Microservice orchestration platform providing durable execution with automatic replay for long-running fault-tolerant workflows.
Kestra,Workflow Orchestration,Lightweight declarative YAML-based workflow platform supporting multi-cloud deployment with 450+ plugins.
Luigi,Workflow Orchestration,Simple Python batch job scheduler with automatic dependency resolution and idempotent execution for Hadoop/Spark pipelines.
Mage AI,Workflow Orchestration,Open-source ETL/ELT platform with visual editor, dbt integration, and collaboration features for data engineers.
ZenML,Workflow Orchestration,MLOps framework for reproducible ML pipelines integrating experiment tracking, model serving, and metadata stores.
Kedro,Workflow Orchestration,Python framework for creating modular reproducible data science pipelines with catalog-based data handling.
Windmill,Workflow Orchestration,Open-source developer platform for building internal tools and workflows with low-code multi-language script execution.
Camunda,Business Process,BPMN-standard workflow engine for complex business processes with human tasks, decisions, and enterprise governance.
Flowable,Business Process,Modern Java BPM engine supporting BPMN 2.0, CMMN case management, and DMN decision management.
Apache ODE,Business Process,Legacy WS-BPEL compliant orchestration engine for web service composition in enterprise environments.
Zapier,No-Code/Low-Code,Cloud automation platform connecting 1000+ SaaS applications through visual 2-step or multi-step workflows.
Make (Integromat),No-Code/Low-Code,Visual no-code automation platform with complex logic, array handling, and 1000+ integrations at better value than Zapier.
n8n,No-Code/Low-Code,Open-source workflow automation platform supporting self-hosting with 400+ integrations and hybrid code/no-code approach.
Workato,No-Code/Low-Code,Enterprise iPaaS platform combining 1200+ integrations with RPA, AI agents, and advanced governance controls.
Microsoft Power Automate,No-Code/Low-Code,Cloud automation platform within Microsoft 365 offering cloud flows and desktop RPA for legacy systems.
Tines,No-Code/Low-Code,Security and operations automation platform designed for incident response and threat detection workflows.
Pipedream,No-Code/Low-Code,Event-driven serverless automation platform supporting Python and Node.js with free tier and generous API limits.
Tray.io,No-Code/Low-Code,Enterprise iPaaS platform emphasizing governance, compliance, and scalability for complex integrations.
cron,Job Scheduler,Universal Unix time-based job scheduler executing periodic tasks via crontab with zero operational overhead.
Quartz,Job Scheduler,Open-source Java library providing enterprise job scheduling with clustering and persistence.
Jenkins,Job Scheduler,Open-source CI/CD automation server with extensive plugins and cron scheduling for pipelines and builds.
Rundeck,Job Scheduler,Lightweight job automation platform with RBAC and log aggregation as a better cron replacement for teams.
HashiCorp Nomad,Job Scheduler,Flexible workload orchestrator for containers, VMs, and batch jobs across multiple regions and datacenters.
Celery,Job Scheduler,Distributed Python task queue enabling asynchronous execution with support for scheduling via Celery Beat.
APScheduler,Job Scheduler,Python library for in-process job scheduling with multiple trigger types and timezone support without external dependencies.
Google Cloud Tasks,Job Scheduler,Managed task queue service on Google Cloud providing serverless task execution with automatic scaling.
AWS SQS + Lambda,Job Scheduler,AWS serverless task execution combining Simple Queue Service with Lambda functions for event-driven processing.
OpenMetadata,Data Catalog,Comprehensive open-source metadata platform with 80+ connectors for unified data discovery and governance.
DataHub,Data Catalog,LinkedIn-backed open-source metadata platform using graph-based data model for real-time lineage and discovery.
Apache Atlas,Data Catalog,Scalable open-source metadata management framework for Hadoop and enterprise data governance.
AWS Glue Data Catalog,Data Catalog,Serverless cloud-native metadata repository integrated with AWS services supporting Delta Lake and Iceberg.
Alation,Data Catalog,AI-powered commercial data catalog emphasizing human-centric discovery and collaboration with query lineage.
Collibra,Data Catalog,Enterprise data governance platform focused on compliance, stewardship, and regulatory requirements.
Atlan,Data Catalog,Modern commercial catalog emphasizing ease of use and dbt integration for collaborative data governance.
Informatica Enterprise Data Catalog,Data Catalog,Commercial platform providing data mapping and lineage integrated with broader Informatica platform.
Amundsen,Data Catalog,Lightweight open-source metadata search engine emphasizing simplicity and easy deployment for discovery.
Stemma,Data Catalog,Fully managed data catalog based on Amundsen with automated metadata enrichment for cloud warehouses.
Talend Data Catalog,Data Catalog,Commercial platform integrated with Talend ETL for data mapping and governance.
IBM Knowledge Catalog,Data Catalog,Enterprise platform in IBM Cloud Pak for Data emphasizing AI-powered governance and compliance.
OpenLineage,Data Lineage,Open standard and specification for data lineage collection supporting end-to-end metadata tracking.
Marquez,Data Lineage,Open-source metadata service implementing OpenLineage standard for lineage and data catalog capabilities.
Manta,Data Lineage,Commercial data lineage platform specializing in column-level impact analysis across complex data environments.
Dataedo,Data Lineage,Commercial data documentation and mapping tool with lineage tracking and collaboration features.
erwin Data Intelligence,Data Lineage,Commercial data modeling and lineage platform for enterprise data governance and compliance.
